{
  "epochs_completed": 30,
  "training_time_seconds": 3552.869655609131,
  "best_val_loss": 0.21410305761002624,
  "final_train_accuracy": 96.94791666666667,
  "train_losses": [
    0.7028475121967495,
    0.462097225672255,
    0.39380339261641106,
    0.36319793182735643,
    0.3334923844554772,
    0.31331102231144903,
    0.30218770770945896,
    0.28260426825191826,
    0.27565286559890956,
    0.2652230490334332,
    0.2616870006665898,
    0.25464718183316293,
    0.24696608390271044,
    0.24152923397937168,
    0.2362396815023385,
    0.18264456064781795,
    0.1649997826383915,
    0.15553060108027422,
    0.14499789976708902,
    0.13764228907743625,
    0.13077838567077804,
    0.12505683977118073,
    0.11912681860643594,
    0.11463360829600909,
    0.1082728455226558,
    0.10351740240177605,
    0.09748204207843325,
    0.09352893450097569,
    0.08930323130670392,
    0.08485702829740088
  ],
  "val_accuracies": [
    81.475,
    85.69166666666666,
    87.90833333333333,
    88.21666666666667,
    88.4,
    88.81666666666666,
    89.625,
    90.41666666666667,
    90.225,
    89.25,
    90.85,
    90.90833333333333,
    91.01666666666667,
    90.45833333333333,
    90.23333333333333,
    91.86666666666666,
    92.275,
    92.46666666666667,
    92.25833333333334,
    92.29166666666667,
    92.4,
    92.21666666666667,
    92.44166666666666,
    92.45833333333333,
    92.69166666666666,
    92.29166666666667,
    92.2,
    92.575,
    92.06666666666666,
    92.33333333333333
  ],
  "val_losses": [
    0.47487691963712375,
    0.3815871736009916,
    0.3309172547956308,
    0.321116487989823,
    0.3181909197370211,
    0.2852721692646543,
    0.27256842046665647,
    0.2662576257226368,
    0.2657560330480337,
    0.2929014826330046,
    0.25769354656524956,
    0.24652292567615708,
    0.24699476131175954,
    0.2592691596113145,
    0.2644670246404906,
    0.22459387638171513,
    0.21525014629463354,
    0.2143049577716738,
    0.21647952215621868,
    0.2190450022170941,
    0.21410305761002624,
    0.22327090113889425,
    0.2213768337216849,
    0.22312503720726817,
    0.22670939393977946,
    0.23131514020760854,
    0.2396512353469928,
    0.23957444504462183,
    0.2468273771146002,
    0.24891721384083698
  ]
}